Sample.ID,Squares.Counted,Count1,Count2,Count3,Count4,Count5,Count6,avg_per_square,sd_per_square,CV,Notes
DL-1-10,1,134,190,166,153,148,141,155.3333333,20.17589321,12.98877245,
MD-4-25,2,182,146,107,81,152,137,134.1666667,35.54949601,26.49651877,
DL-2-9,1,118,121,123,111,166,112,125.1666667,20.56615342,16.43101472,
DL-3-25,3,191,181,440,475,370,277,322.3333333,125.4618136,38.92300318,
MD-2-11,1,296,254,252,223,299,241,260.8333333,30.47239188,11.68270615,
MD-1-22,1,215,154,145,178,203,160,175.8333333,28.12412962,15.99476566,
